<?xml version="1.0" encoding="UTF-8"?>
<project-private xmlns="http://www.netbeans.org/ns/project-private/1">
    <editor-bookmarks xmlns="http://www.netbeans.org/ns/editor-bookmarks/2" lastBookmarkId="0"/>
    <open-files xmlns="http://www.netbeans.org/ns/projectui-open-files/2">
        <group>
            <file>file:/C:/Users/M/Downloads/Library_Management_System/src/library_management_system/MainWindow.java</file>
            <file>file:/C:/Users/M/Downloads/Library_Management_System/src/library_management_system/BookBuilder.java</file>
            <file>file:/C:/Users/M/Downloads/Library_Management_System/src/library_management_system/LibraryNotifier.java</file>
            <file>file:/C:/Users/M/Downloads/Library_Management_System/src/library_management_system/UserManagementWindow.java</file>
            <file>file:/C:/Users/M/Downloads/Library_Management_System/src/library_management_system/SoftwareEngineeringBook.java</file>
            <file>file:/C:/Users/M/Downloads/Library_Management_System/src/library_management_system/LogObserver.java</file>
            <file>file:/C:/Users/M/Downloads/Library_Management_System/src/library_management_system/Logger.java</file>
            <file>file:/C:/Users/M/Downloads/Library_Management_System/src/library_management_system/Book.java</file>
            <file>file:/C:/Users/M/Downloads/Library_Management_System/src/library_management_system/LibraryProxy.java</file>
            <file>file:/C:/Users/M/Downloads/Library_Management_System/src/library_management_system/AiBook.java</file>
            <file>file:/C:/Users/M/Downloads/Library_Management_System/src/library_management_system/DatabaseConnection.java</file>
            <file>file:/C:/Users/M/Downloads/Library_Management_System/src/library_management_system/BookFactory.java</file>
            <file>file:/C:/Users/M/Downloads/Library_Management_System/src/library_management_system/BookManagementWindow.java</file>
            <file>file:/C:/Users/M/Downloads/Library_Management_System/src/library_management_system/RegularUser.java</file>
            <file>file:/C:/Users/M/Downloads/Library_Management_System/src/library_management_system/ManagementBook.java</file>
            <file>file:/C:/Users/M/Downloads/Library_Management_System/src/library_management_system/User.java</file>
            <file>file:/C:/Users/M/Downloads/Library_Management_System/src/library_management_system/UserFactory.java</file>
            <file>file:/C:/Users/M/Downloads/Library_Management_System/src/library_management_system/AdminUser.java</file>
            <file>file:/C:/Users/M/Downloads/Library_Management_System/src/library_management_system/TransactionWindow.java</file>
            <file>file:/C:/Users/M/Downloads/Library_Management_System/src/library_management_system/Library.java</file>
            <file>file:/C:/Users/M/Downloads/Library_Management_System/src/library_management_system/LogAreaObserver.java</file>
            <file>file:/C:/Users/M/Downloads/Library_Management_System/src/library_management_system/LibrarySystem.java</file>
        </group>
    </open-files>
</project-private>
